{"eval/dataset_retain": 1.0, "train/dataset_retain": 1.0, "train/global_step": 5424, "_timestamp": 1729192799.875333, "_runtime": 5674.3915729522705, "_step": 548, "train/loss": 15.6695, "train/grad_norm": 3.830212354660034, "train/learning_rate": 1.417428167632684e-10, "train/rewards/margins": 0.9813492894172668, "train/rewards/chosen": -5.935286521911621, "train/rewards/rejected": -6.9166364669799805, "train/logps/margins": 6.194282054901123, "train/logps/chosen": -14.491656303405762, "train/logps/rejected": -20.68593978881836, "train/accuracy": 0.6000000238418579, "train/epoch": 3.0, "eval/loss": 14.567987442016602, "eval/accuracy": 0.5970149253731343, "eval/runtime": 161.6752, "eval/samples_per_second": 1.243, "eval/steps_per_second": 1.243, "eval/rewards/margins": 1.2954055070877075, "eval/rewards/chosen": -5.490493297576904, "eval/rewards/rejected": -6.785898208618164, "eval/logps/margins": 7.8321757316589355, "eval/logps/chosen": -13.313322067260742, "eval/logps/rejected": -21.145496368408203, "train/train_runtime": 5672.4826, "train/train_samples_per_second": 0.956, "train/train_steps_per_second": 0.956, "train/total_flos": 8.431212936167424e+16, "train/train_loss": 14.85964111029926, "eval/game_log": {"_type": "table-file", "sha256": "cd8441aaeb41474cb670ff045906050f28e15bea7fe68089307956f83d82b9ae", "size": 11170, "artifact_path": "wandb-client-artifact://aun2izcoj4308olfxxreonfrkzv9v9mck5y5q4a37pfnlrp36jwgul5cdpvrz8yqqyoapult64tsq90nta1bgyu49wrx14r0c1jdicfpvm2y4z285z428gnkgobhlouu:latest/eval/game_log.table.json", "_latest_artifact_path": "wandb-client-artifact://aun2izcoj4308olfxxreonfrkzv9v9mck5y5q4a37pfnlrp36jwgul5cdpvrz8yqqyoapult64tsq90nta1bgyu49wrx14r0c1jdicfpvm2y4z285z428gnkgobhlouu:latest/eval/game_log.table.json", "path": "media/table/eval/game_log_548_cd8441aaeb41474cb670.table.json", "ncols": 3, "nrows": 4}}