{"eval/dataset_retain": 1.0, "train/dataset_retain": 1.0, "train/global_step": 5424, "_timestamp": 1729084949.6759331, "_runtime": 5369.788186073303, "_step": 548, "train/loss": 0.4302, "train/grad_norm": 0.5901901721954346, "train/learning_rate": 8.38716510015436e-11, "train/rewards/margins": 0.8321272134780884, "train/rewards/chosen": 0.8637639880180359, "train/rewards/rejected": 0.03163681551814079, "train/logps/margins": 11.372452735900879, "train/logps/chosen": -28.012012481689453, "train/logps/rejected": -39.38446807861328, "train/accuracy": 0.800000011920929, "train/epoch": 3.0, "eval/loss": 0.6626946926116943, "eval/accuracy": 0.7114427860696517, "eval/runtime": 188.4478, "eval/samples_per_second": 1.067, "eval/steps_per_second": 1.067, "eval/rewards/margins": 0.6160911917686462, "eval/rewards/chosen": 0.20292940735816956, "eval/rewards/rejected": -0.4131616950035095, "eval/logps/margins": 11.869410514831543, "eval/logps/chosen": -27.266456604003906, "eval/logps/rejected": -39.1358642578125, "train/train_runtime": 5367.966, "train/train_samples_per_second": 1.01, "train/train_steps_per_second": 1.01, "train/total_flos": 8.551673229606912e+16, "train/train_loss": 0.790930952624058, "eval/game_log": {"_type": "table-file", "sha256": "4360b0111271b397e8d9b4a711685c78cf86e581e1eb918136d576a3ce0f1f29", "size": 27259, "artifact_path": "wandb-client-artifact://ulykthr2n6tjr6oblyms5lfyb7lluomqbs4hhkplozgb9ypswdusknxh1vvnc8nxwjoyg062jwk2atglldukelm87nal5ynwld3auihae6y2oqg3hk7rmqvki7copnqh:latest/eval/game_log.table.json", "_latest_artifact_path": "wandb-client-artifact://ulykthr2n6tjr6oblyms5lfyb7lluomqbs4hhkplozgb9ypswdusknxh1vvnc8nxwjoyg062jwk2atglldukelm87nal5ynwld3auihae6y2oqg3hk7rmqvki7copnqh:latest/eval/game_log.table.json", "path": "media/table/eval/game_log_548_4360b0111271b397e8d9.table.json", "ncols": 3, "nrows": 4}}