{"train/loss": 0.2115, "train/grad_norm": 0.12618482112884521, "train/learning_rate": 5.367791066579475e-11, "train/rewards/margins": 2.0926365852355957, "train/rewards/chosen": -0.9349652528762817, "train/rewards/rejected": -3.027601718902588, "train/logps/margins": 34.80643081665039, "train/logps/chosen": -24.30826187133789, "train/logps/rejected": -59.11469650268555, "train/accuracy": 1.0, "train/epoch": 3.0, "train/global_step": 5424, "_timestamp": 1729072592.1569061, "_runtime": 5326.318123102188, "_step": 1095, "eval/loss": 0.459277480840683, "eval/accuracy": 0.8159203980099502, "eval/runtime": 51.3991, "eval/samples_per_second": 3.911, "eval/steps_per_second": 3.911, "eval/rewards/margins": 1.652779221534729, "eval/rewards/chosen": -1.037703275680542, "eval/rewards/rejected": -2.6904826164245605, "eval/logps/margins": 28.96892738342285, "eval/logps/chosen": -26.617101669311523, "eval/logps/rejected": -55.586029052734375, "train/train_runtime": 1722.1116, "train/train_samples_per_second": 3.15, "train/train_steps_per_second": 3.15, "train/total_flos": 8.423206743158784e+16, "train/train_loss": 0.44283667162807994, "eval/game_log": {"_type": "table-file", "sha256": "dbfe61fdeac591a60e0b4067e35b709fe4b9b126c232c05c40d4da5d3461cf76", "size": 15436, "artifact_path": "wandb-client-artifact://tml6ngkf4vgoerizhwi8kj9mw255y75ychlsxnvdilyot8kwszz6rwaupn9clz3hxvj22if3aiw94h18mc4tmh44bv4ovb6ki9734km4w54c8fq8cf59h9cnkllvgnnq:latest/eval/game_log.table.json", "_latest_artifact_path": "wandb-client-artifact://tml6ngkf4vgoerizhwi8kj9mw255y75ychlsxnvdilyot8kwszz6rwaupn9clz3hxvj22if3aiw94h18mc4tmh44bv4ovb6ki9734km4w54c8fq8cf59h9cnkllvgnnq:latest/eval/game_log.table.json", "path": "media/table/eval/game_log_1095_dbfe61fdeac591a60e0b.table.json", "ncols": 3, "nrows": 4}}